action_ids,subject_ids,trial_ids,video_ids
a10,s1,t1,a10_s1_t1_color.avi
a10,s1,t2,a10_s1_t2_color.avi
a10,s1,t3,a10_s1_t3_color.avi
a10,s1,t4,a10_s1_t4_color.avi
a10,s2,t1,a10_s2_t1_color.avi
a10,s2,t2,a10_s2_t2_color.avi
a10,s2,t3,a10_s2_t3_color.avi
a10,s2,t4,a10_s2_t4_color.avi
a10,s3,t1,a10_s3_t1_color.avi
a10,s3,t2,a10_s3_t2_color.avi
a10,s3,t3,a10_s3_t3_color.avi
a10,s3,t4,a10_s3_t4_color.avi
a10,s4,t1,a10_s4_t1_color.avi
a10,s4,t2,a10_s4_t2_color.avi
a10,s4,t3,a10_s4_t3_color.avi
a10,s4,t4,a10_s4_t4_color.avi
a10,s5,t1,a10_s5_t1_color.avi
a10,s5,t2,a10_s5_t2_color.avi
a10,s5,t3,a10_s5_t3_color.avi
a10,s5,t4,a10_s5_t4_color.avi
a10,s6,t1,a10_s6_t1_color.avi
a10,s6,t2,a10_s6_t2_color.avi
a10,s6,t3,a10_s6_t3_color.avi
a10,s6,t4,a10_s6_t4_color.avi
a10,s7,t1,a10_s7_t1_color.avi
a10,s7,t2,a10_s7_t2_color.avi
a10,s7,t3,a10_s7_t3_color.avi
a10,s7,t4,a10_s7_t4_color.avi
a10,s8,t1,a10_s8_t1_color.avi
a10,s8,t2,a10_s8_t2_color.avi
a10,s8,t3,a10_s8_t3_color.avi
a10,s8,t4,a10_s8_t4_color.avi
a11,s1,t1,a11_s1_t1_color.avi
a11,s1,t2,a11_s1_t2_color.avi
a11,s1,t3,a11_s1_t3_color.avi
a11,s1,t4,a11_s1_t4_color.avi
a11,s2,t1,a11_s2_t1_color.avi
a11,s2,t2,a11_s2_t2_color.avi
a11,s2,t3,a11_s2_t3_color.avi
a11,s2,t4,a11_s2_t4_color.avi
a11,s3,t1,a11_s3_t1_color.avi
a11,s3,t2,a11_s3_t2_color.avi
a11,s3,t3,a11_s3_t3_color.avi
a11,s3,t4,a11_s3_t4_color.avi
a11,s4,t1,a11_s4_t1_color.avi
a11,s4,t2,a11_s4_t2_color.avi
a11,s4,t3,a11_s4_t3_color.avi
a11,s4,t4,a11_s4_t4_color.avi
a11,s5,t1,a11_s5_t1_color.avi
a11,s5,t2,a11_s5_t2_color.avi
a11,s5,t3,a11_s5_t3_color.avi
a11,s5,t4,a11_s5_t4_color.avi
a11,s6,t1,a11_s6_t1_color.avi
a11,s6,t2,a11_s6_t2_color.avi
a11,s6,t3,a11_s6_t3_color.avi
a11,s6,t4,a11_s6_t4_color.avi
a11,s7,t1,a11_s7_t1_color.avi
a11,s7,t2,a11_s7_t2_color.avi
a11,s7,t3,a11_s7_t3_color.avi
a11,s7,t4,a11_s7_t4_color.avi
a11,s8,t1,a11_s8_t1_color.avi
a11,s8,t2,a11_s8_t2_color.avi
a11,s8,t3,a11_s8_t3_color.avi
a11,s8,t4,a11_s8_t4_color.avi
a12,s1,t1,a12_s1_t1_color.avi
a12,s1,t2,a12_s1_t2_color.avi
a12,s1,t3,a12_s1_t3_color.avi
a12,s1,t4,a12_s1_t4_color.avi
a12,s2,t1,a12_s2_t1_color.avi
a12,s2,t2,a12_s2_t2_color.avi
a12,s2,t3,a12_s2_t3_color.avi
a12,s2,t4,a12_s2_t4_color.avi
a12,s3,t1,a12_s3_t1_color.avi
a12,s3,t2,a12_s3_t2_color.avi
a12,s3,t3,a12_s3_t3_color.avi
a12,s3,t4,a12_s3_t4_color.avi
a12,s4,t1,a12_s4_t1_color.avi
a12,s4,t2,a12_s4_t2_color.avi
a12,s4,t3,a12_s4_t3_color.avi
a12,s4,t4,a12_s4_t4_color.avi
a12,s5,t1,a12_s5_t1_color.avi
a12,s5,t2,a12_s5_t2_color.avi
a12,s5,t3,a12_s5_t3_color.avi
a12,s5,t4,a12_s5_t4_color.avi
a12,s6,t1,a12_s6_t1_color.avi
a12,s6,t2,a12_s6_t2_color.avi
a12,s6,t3,a12_s6_t3_color.avi
a12,s6,t4,a12_s6_t4_color.avi
a12,s7,t1,a12_s7_t1_color.avi
a12,s7,t2,a12_s7_t2_color.avi
a12,s7,t3,a12_s7_t3_color.avi
a12,s7,t4,a12_s7_t4_color.avi
a12,s8,t1,a12_s8_t1_color.avi
a12,s8,t2,a12_s8_t2_color.avi
a12,s8,t3,a12_s8_t3_color.avi
a12,s8,t4,a12_s8_t4_color.avi
a13,s1,t1,a13_s1_t1_color.avi
a13,s1,t2,a13_s1_t2_color.avi
a13,s1,t3,a13_s1_t3_color.avi
a13,s1,t4,a13_s1_t4_color.avi
a13,s2,t1,a13_s2_t1_color.avi
a13,s2,t2,a13_s2_t2_color.avi
a13,s2,t3,a13_s2_t3_color.avi
a13,s2,t4,a13_s2_t4_color.avi
a13,s3,t1,a13_s3_t1_color.avi
a13,s3,t2,a13_s3_t2_color.avi
a13,s3,t3,a13_s3_t3_color.avi
a13,s3,t4,a13_s3_t4_color.avi
a13,s4,t1,a13_s4_t1_color.avi
a13,s4,t2,a13_s4_t2_color.avi
a13,s4,t3,a13_s4_t3_color.avi
a13,s4,t4,a13_s4_t4_color.avi
a13,s5,t1,a13_s5_t1_color.avi
a13,s5,t2,a13_s5_t2_color.avi
a13,s5,t3,a13_s5_t3_color.avi
a13,s5,t4,a13_s5_t4_color.avi
a13,s6,t1,a13_s6_t1_color.avi
a13,s6,t2,a13_s6_t2_color.avi
a13,s6,t3,a13_s6_t3_color.avi
a13,s6,t4,a13_s6_t4_color.avi
a13,s7,t1,a13_s7_t1_color.avi
a13,s7,t2,a13_s7_t2_color.avi
a13,s7,t3,a13_s7_t3_color.avi
a13,s7,t4,a13_s7_t4_color.avi
a13,s8,t1,a13_s8_t1_color.avi
a13,s8,t2,a13_s8_t2_color.avi
a13,s8,t3,a13_s8_t3_color.avi
a13,s8,t4,a13_s8_t4_color.avi
a14,s1,t1,a14_s1_t1_color.avi
a14,s1,t2,a14_s1_t2_color.avi
a14,s1,t3,a14_s1_t3_color.avi
a14,s1,t4,a14_s1_t4_color.avi
a14,s2,t1,a14_s2_t1_color.avi
a14,s2,t2,a14_s2_t2_color.avi
a14,s2,t3,a14_s2_t3_color.avi
a14,s2,t4,a14_s2_t4_color.avi
a14,s3,t1,a14_s3_t1_color.avi
a14,s3,t2,a14_s3_t2_color.avi
a14,s3,t3,a14_s3_t3_color.avi
a14,s3,t4,a14_s3_t4_color.avi
a14,s4,t1,a14_s4_t1_color.avi
a14,s4,t2,a14_s4_t2_color.avi
a14,s4,t3,a14_s4_t3_color.avi
a14,s4,t4,a14_s4_t4_color.avi
a14,s5,t1,a14_s5_t1_color.avi
a14,s5,t2,a14_s5_t2_color.avi
a14,s5,t3,a14_s5_t3_color.avi
a14,s5,t4,a14_s5_t4_color.avi
a14,s6,t1,a14_s6_t1_color.avi
a14,s6,t2,a14_s6_t2_color.avi
a14,s6,t3,a14_s6_t3_color.avi
a14,s6,t4,a14_s6_t4_color.avi
a14,s7,t1,a14_s7_t1_color.avi
a14,s7,t2,a14_s7_t2_color.avi
a14,s7,t3,a14_s7_t3_color.avi
a14,s7,t4,a14_s7_t4_color.avi
a14,s8,t1,a14_s8_t1_color.avi
a14,s8,t2,a14_s8_t2_color.avi
a14,s8,t3,a14_s8_t3_color.avi
a14,s8,t4,a14_s8_t4_color.avi
a15,s1,t1,a15_s1_t1_color.avi
a15,s1,t2,a15_s1_t2_color.avi
a15,s1,t3,a15_s1_t3_color.avi
a15,s1,t4,a15_s1_t4_color.avi
a15,s2,t1,a15_s2_t1_color.avi
a15,s2,t2,a15_s2_t2_color.avi
a15,s2,t3,a15_s2_t3_color.avi
a15,s2,t4,a15_s2_t4_color.avi
a15,s3,t1,a15_s3_t1_color.avi
a15,s3,t2,a15_s3_t2_color.avi
a15,s3,t3,a15_s3_t3_color.avi
a15,s3,t4,a15_s3_t4_color.avi
a15,s4,t1,a15_s4_t1_color.avi
a15,s4,t2,a15_s4_t2_color.avi
a15,s4,t3,a15_s4_t3_color.avi
a15,s4,t4,a15_s4_t4_color.avi
a15,s5,t1,a15_s5_t1_color.avi
a15,s5,t2,a15_s5_t2_color.avi
a15,s5,t3,a15_s5_t3_color.avi
a15,s5,t4,a15_s5_t4_color.avi
a15,s6,t1,a15_s6_t1_color.avi
a15,s6,t2,a15_s6_t2_color.avi
a15,s6,t3,a15_s6_t3_color.avi
a15,s6,t4,a15_s6_t4_color.avi
a15,s7,t1,a15_s7_t1_color.avi
a15,s7,t2,a15_s7_t2_color.avi
a15,s7,t3,a15_s7_t3_color.avi
a15,s7,t4,a15_s7_t4_color.avi
a15,s8,t1,a15_s8_t1_color.avi
a15,s8,t2,a15_s8_t2_color.avi
a15,s8,t3,a15_s8_t3_color.avi
a15,s8,t4,a15_s8_t4_color.avi
a16,s1,t1,a16_s1_t1_color.avi
a16,s1,t2,a16_s1_t2_color.avi
a16,s1,t3,a16_s1_t3_color.avi
a16,s1,t4,a16_s1_t4_color.avi
a16,s2,t1,a16_s2_t1_color.avi
a16,s2,t2,a16_s2_t2_color.avi
a16,s2,t3,a16_s2_t3_color.avi
a16,s2,t4,a16_s2_t4_color.avi
a16,s3,t1,a16_s3_t1_color.avi
a16,s3,t2,a16_s3_t2_color.avi
a16,s3,t3,a16_s3_t3_color.avi
a16,s3,t4,a16_s3_t4_color.avi
a16,s4,t1,a16_s4_t1_color.avi
a16,s4,t2,a16_s4_t2_color.avi
a16,s4,t3,a16_s4_t3_color.avi
a16,s4,t4,a16_s4_t4_color.avi
a16,s5,t1,a16_s5_t1_color.avi
a16,s5,t2,a16_s5_t2_color.avi
a16,s5,t3,a16_s5_t3_color.avi
a16,s5,t4,a16_s5_t4_color.avi
a16,s6,t1,a16_s6_t1_color.avi
a16,s6,t2,a16_s6_t2_color.avi
a16,s6,t3,a16_s6_t3_color.avi
a16,s6,t4,a16_s6_t4_color.avi
a16,s7,t1,a16_s7_t1_color.avi
a16,s7,t2,a16_s7_t2_color.avi
a16,s7,t3,a16_s7_t3_color.avi
a16,s7,t4,a16_s7_t4_color.avi
a16,s8,t1,a16_s8_t1_color.avi
a16,s8,t2,a16_s8_t2_color.avi
a16,s8,t3,a16_s8_t3_color.avi
a16,s8,t4,a16_s8_t4_color.avi
a17,s1,t1,a17_s1_t1_color.avi
a17,s1,t2,a17_s1_t2_color.avi
a17,s1,t3,a17_s1_t3_color.avi
a17,s1,t4,a17_s1_t4_color.avi
a17,s2,t1,a17_s2_t1_color.avi
a17,s2,t2,a17_s2_t2_color.avi
a17,s2,t3,a17_s2_t3_color.avi
a17,s2,t4,a17_s2_t4_color.avi
a17,s3,t1,a17_s3_t1_color.avi
a17,s3,t2,a17_s3_t2_color.avi
a17,s3,t3,a17_s3_t3_color.avi
a17,s3,t4,a17_s3_t4_color.avi
a17,s4,t1,a17_s4_t1_color.avi
a17,s4,t2,a17_s4_t2_color.avi
a17,s4,t3,a17_s4_t3_color.avi
a17,s4,t4,a17_s4_t4_color.avi
a17,s5,t1,a17_s5_t1_color.avi
a17,s5,t2,a17_s5_t2_color.avi
a17,s5,t3,a17_s5_t3_color.avi
a17,s5,t4,a17_s5_t4_color.avi
a17,s6,t1,a17_s6_t1_color.avi
a17,s6,t2,a17_s6_t2_color.avi
a17,s6,t3,a17_s6_t3_color.avi
a17,s6,t4,a17_s6_t4_color.avi
a17,s7,t1,a17_s7_t1_color.avi
a17,s7,t2,a17_s7_t2_color.avi
a17,s7,t3,a17_s7_t3_color.avi
a17,s7,t4,a17_s7_t4_color.avi
a17,s8,t1,a17_s8_t1_color.avi
a17,s8,t2,a17_s8_t2_color.avi
a17,s8,t3,a17_s8_t3_color.avi
a17,s8,t4,a17_s8_t4_color.avi
a18,s1,t1,a18_s1_t1_color.avi
a18,s1,t2,a18_s1_t2_color.avi
a18,s1,t3,a18_s1_t3_color.avi
a18,s1,t4,a18_s1_t4_color.avi
a18,s2,t1,a18_s2_t1_color.avi
a18,s2,t2,a18_s2_t2_color.avi
a18,s2,t3,a18_s2_t3_color.avi
a18,s2,t4,a18_s2_t4_color.avi
a18,s3,t1,a18_s3_t1_color.avi
a18,s3,t2,a18_s3_t2_color.avi
a18,s3,t3,a18_s3_t3_color.avi
a18,s3,t4,a18_s3_t4_color.avi
a18,s4,t1,a18_s4_t1_color.avi
a18,s4,t2,a18_s4_t2_color.avi
a18,s4,t3,a18_s4_t3_color.avi
a18,s4,t4,a18_s4_t4_color.avi
a18,s5,t1,a18_s5_t1_color.avi
a18,s5,t2,a18_s5_t2_color.avi
a18,s5,t3,a18_s5_t3_color.avi
a18,s5,t4,a18_s5_t4_color.avi
a18,s6,t1,a18_s6_t1_color.avi
a18,s6,t2,a18_s6_t2_color.avi
a18,s6,t3,a18_s6_t3_color.avi
a18,s6,t4,a18_s6_t4_color.avi
a18,s7,t1,a18_s7_t1_color.avi
a18,s7,t2,a18_s7_t2_color.avi
a18,s7,t3,a18_s7_t3_color.avi
a18,s7,t4,a18_s7_t4_color.avi
a18,s8,t1,a18_s8_t1_color.avi
a18,s8,t2,a18_s8_t2_color.avi
a18,s8,t3,a18_s8_t3_color.avi
a18,s8,t4,a18_s8_t4_color.avi
a19,s1,t1,a19_s1_t1_color.avi
a19,s1,t2,a19_s1_t2_color.avi
a19,s1,t3,a19_s1_t3_color.avi
a19,s1,t4,a19_s1_t4_color.avi
a19,s2,t1,a19_s2_t1_color.avi
a19,s2,t2,a19_s2_t2_color.avi
a19,s2,t3,a19_s2_t3_color.avi
a19,s2,t4,a19_s2_t4_color.avi
a19,s3,t1,a19_s3_t1_color.avi
a19,s3,t2,a19_s3_t2_color.avi
a19,s3,t3,a19_s3_t3_color.avi
a19,s3,t4,a19_s3_t4_color.avi
a19,s4,t1,a19_s4_t1_color.avi
a19,s4,t2,a19_s4_t2_color.avi
a19,s4,t3,a19_s4_t3_color.avi
a19,s4,t4,a19_s4_t4_color.avi
a19,s5,t1,a19_s5_t1_color.avi
a19,s5,t2,a19_s5_t2_color.avi
a19,s5,t3,a19_s5_t3_color.avi
a19,s5,t4,a19_s5_t4_color.avi
a19,s6,t1,a19_s6_t1_color.avi
a19,s6,t2,a19_s6_t2_color.avi
a19,s6,t3,a19_s6_t3_color.avi
a19,s6,t4,a19_s6_t4_color.avi
a19,s7,t1,a19_s7_t1_color.avi
a19,s7,t2,a19_s7_t2_color.avi
a19,s7,t3,a19_s7_t3_color.avi
a19,s7,t4,a19_s7_t4_color.avi
a19,s8,t1,a19_s8_t1_color.avi
a19,s8,t2,a19_s8_t2_color.avi
a19,s8,t3,a19_s8_t3_color.avi
a19,s8,t4,a19_s8_t4_color.avi
a1,s1,t1,a1_s1_t1_color.avi
a1,s1,t2,a1_s1_t2_color.avi
a1,s1,t3,a1_s1_t3_color.avi
a1,s1,t4,a1_s1_t4_color.avi
a1,s2,t1,a1_s2_t1_color.avi
a1,s2,t2,a1_s2_t2_color.avi
a1,s2,t3,a1_s2_t3_color.avi
a1,s2,t4,a1_s2_t4_color.avi
a1,s3,t1,a1_s3_t1_color.avi
a1,s3,t2,a1_s3_t2_color.avi
a1,s3,t3,a1_s3_t3_color.avi
a1,s3,t4,a1_s3_t4_color.avi
a1,s4,t1,a1_s4_t1_color.avi
a1,s4,t2,a1_s4_t2_color.avi
a1,s4,t3,a1_s4_t3_color.avi
a1,s4,t4,a1_s4_t4_color.avi
a1,s5,t1,a1_s5_t1_color.avi
a1,s5,t2,a1_s5_t2_color.avi
a1,s5,t3,a1_s5_t3_color.avi
a1,s5,t4,a1_s5_t4_color.avi
a1,s6,t1,a1_s6_t1_color.avi
a1,s6,t2,a1_s6_t2_color.avi
a1,s6,t3,a1_s6_t3_color.avi
a1,s6,t4,a1_s6_t4_color.avi
a1,s7,t1,a1_s7_t1_color.avi
a1,s7,t2,a1_s7_t2_color.avi
a1,s7,t3,a1_s7_t3_color.avi
a1,s7,t4,a1_s7_t4_color.avi
a1,s8,t1,a1_s8_t1_color.avi
a1,s8,t2,a1_s8_t2_color.avi
a1,s8,t3,a1_s8_t3_color.avi
a1,s8,t4,a1_s8_t4_color.avi
a20,s1,t1,a20_s1_t1_color.avi
a20,s1,t2,a20_s1_t2_color.avi
a20,s1,t3,a20_s1_t3_color.avi
a20,s1,t4,a20_s1_t4_color.avi
a20,s2,t1,a20_s2_t1_color.avi
a20,s2,t2,a20_s2_t2_color.avi
a20,s2,t3,a20_s2_t3_color.avi
a20,s2,t4,a20_s2_t4_color.avi
a20,s3,t1,a20_s3_t1_color.avi
a20,s3,t2,a20_s3_t2_color.avi
a20,s3,t3,a20_s3_t3_color.avi
a20,s3,t4,a20_s3_t4_color.avi
a20,s4,t1,a20_s4_t1_color.avi
a20,s4,t2,a20_s4_t2_color.avi
a20,s4,t3,a20_s4_t3_color.avi
a20,s4,t4,a20_s4_t4_color.avi
a20,s5,t1,a20_s5_t1_color.avi
a20,s5,t2,a20_s5_t2_color.avi
a20,s5,t3,a20_s5_t3_color.avi
a20,s5,t4,a20_s5_t4_color.avi
a20,s6,t1,a20_s6_t1_color.avi
a20,s6,t2,a20_s6_t2_color.avi
a20,s6,t3,a20_s6_t3_color.avi
a20,s6,t4,a20_s6_t4_color.avi
a20,s7,t1,a20_s7_t1_color.avi
a20,s7,t2,a20_s7_t2_color.avi
a20,s7,t3,a20_s7_t3_color.avi
a20,s7,t4,a20_s7_t4_color.avi
a20,s8,t1,a20_s8_t1_color.avi
a20,s8,t2,a20_s8_t2_color.avi
a20,s8,t3,a20_s8_t3_color.avi
a20,s8,t4,a20_s8_t4_color.avi
a21,s1,t1,a21_s1_t1_color.avi
a21,s1,t2,a21_s1_t2_color.avi
a21,s1,t3,a21_s1_t3_color.avi
a21,s1,t4,a21_s1_t4_color.avi
a21,s2,t1,a21_s2_t1_color.avi
a21,s2,t2,a21_s2_t2_color.avi
a21,s2,t3,a21_s2_t3_color.avi
a21,s2,t4,a21_s2_t4_color.avi
a21,s3,t1,a21_s3_t1_color.avi
a21,s3,t2,a21_s3_t2_color.avi
a21,s3,t3,a21_s3_t3_color.avi
a21,s3,t4,a21_s3_t4_color.avi
a21,s4,t1,a21_s4_t1_color.avi
a21,s4,t2,a21_s4_t2_color.avi
a21,s4,t3,a21_s4_t3_color.avi
a21,s4,t4,a21_s4_t4_color.avi
a21,s5,t1,a21_s5_t1_color.avi
a21,s5,t2,a21_s5_t2_color.avi
a21,s5,t3,a21_s5_t3_color.avi
a21,s5,t4,a21_s5_t4_color.avi
a21,s6,t1,a21_s6_t1_color.avi
a21,s6,t2,a21_s6_t2_color.avi
a21,s6,t3,a21_s6_t3_color.avi
a21,s6,t4,a21_s6_t4_color.avi
a21,s7,t1,a21_s7_t1_color.avi
a21,s7,t2,a21_s7_t2_color.avi
a21,s7,t3,a21_s7_t3_color.avi
a21,s7,t4,a21_s7_t4_color.avi
a21,s8,t1,a21_s8_t1_color.avi
a21,s8,t2,a21_s8_t2_color.avi
a21,s8,t3,a21_s8_t3_color.avi
a21,s8,t4,a21_s8_t4_color.avi
a22,s1,t1,a22_s1_t1_color.avi
a22,s1,t2,a22_s1_t2_color.avi
a22,s1,t3,a22_s1_t3_color.avi
a22,s1,t4,a22_s1_t4_color.avi
a22,s2,t1,a22_s2_t1_color.avi
a22,s2,t2,a22_s2_t2_color.avi
a22,s2,t3,a22_s2_t3_color.avi
a22,s2,t4,a22_s2_t4_color.avi
a22,s3,t1,a22_s3_t1_color.avi
a22,s3,t2,a22_s3_t2_color.avi
a22,s3,t3,a22_s3_t3_color.avi
a22,s3,t4,a22_s3_t4_color.avi
a22,s4,t1,a22_s4_t1_color.avi
a22,s4,t2,a22_s4_t2_color.avi
a22,s4,t3,a22_s4_t3_color.avi
a22,s4,t4,a22_s4_t4_color.avi
a22,s5,t1,a22_s5_t1_color.avi
a22,s5,t2,a22_s5_t2_color.avi
a22,s5,t3,a22_s5_t3_color.avi
a22,s5,t4,a22_s5_t4_color.avi
a22,s6,t1,a22_s6_t1_color.avi
a22,s6,t2,a22_s6_t2_color.avi
a22,s6,t3,a22_s6_t3_color.avi
a22,s6,t4,a22_s6_t4_color.avi
a22,s7,t1,a22_s7_t1_color.avi
a22,s7,t2,a22_s7_t2_color.avi
a22,s7,t3,a22_s7_t3_color.avi
a22,s7,t4,a22_s7_t4_color.avi
a22,s8,t1,a22_s8_t1_color.avi
a22,s8,t2,a22_s8_t2_color.avi
a22,s8,t3,a22_s8_t3_color.avi
a22,s8,t4,a22_s8_t4_color.avi
a23,s1,t1,a23_s1_t1_color.avi
a23,s1,t2,a23_s1_t2_color.avi
a23,s1,t3,a23_s1_t3_color.avi
a23,s1,t4,a23_s1_t4_color.avi
a23,s2,t1,a23_s2_t1_color.avi
a23,s2,t2,a23_s2_t2_color.avi
a23,s2,t3,a23_s2_t3_color.avi
a23,s2,t4,a23_s2_t4_color.avi
a23,s3,t1,a23_s3_t1_color.avi
a23,s3,t2,a23_s3_t2_color.avi
a23,s3,t3,a23_s3_t3_color.avi
a23,s3,t4,a23_s3_t4_color.avi
a23,s4,t1,a23_s4_t1_color.avi
a23,s4,t2,a23_s4_t2_color.avi
a23,s4,t3,a23_s4_t3_color.avi
a23,s4,t4,a23_s4_t4_color.avi
a23,s5,t1,a23_s5_t1_color.avi
a23,s5,t2,a23_s5_t2_color.avi
a23,s5,t3,a23_s5_t3_color.avi
a23,s5,t4,a23_s5_t4_color.avi
a23,s6,t1,a23_s6_t1_color.avi
a23,s6,t2,a23_s6_t2_color.avi
a23,s6,t3,a23_s6_t3_color.avi
a23,s7,t1,a23_s7_t1_color.avi
a23,s7,t2,a23_s7_t2_color.avi
a23,s7,t3,a23_s7_t3_color.avi
a23,s7,t4,a23_s7_t4_color.avi
a23,s8,t1,a23_s8_t1_color.avi
a23,s8,t2,a23_s8_t2_color.avi
a23,s8,t3,a23_s8_t3_color.avi
a23,s8,t4,a23_s8_t4_color.avi
a24,s1,t1,a24_s1_t1_color.avi
a24,s1,t2,a24_s1_t2_color.avi
a24,s1,t3,a24_s1_t3_color.avi
a24,s1,t4,a24_s1_t4_color.avi
a24,s2,t1,a24_s2_t1_color.avi
a24,s2,t2,a24_s2_t2_color.avi
a24,s2,t3,a24_s2_t3_color.avi
a24,s2,t4,a24_s2_t4_color.avi
a24,s3,t1,a24_s3_t1_color.avi
a24,s3,t2,a24_s3_t2_color.avi
a24,s3,t3,a24_s3_t3_color.avi
a24,s3,t4,a24_s3_t4_color.avi
a24,s4,t1,a24_s4_t1_color.avi
a24,s4,t2,a24_s4_t2_color.avi
a24,s4,t3,a24_s4_t3_color.avi
a24,s4,t4,a24_s4_t4_color.avi
a24,s5,t1,a24_s5_t1_color.avi
a24,s5,t2,a24_s5_t2_color.avi
a24,s5,t3,a24_s5_t3_color.avi
a24,s5,t4,a24_s5_t4_color.avi
a24,s6,t1,a24_s6_t1_color.avi
a24,s6,t2,a24_s6_t2_color.avi
a24,s6,t3,a24_s6_t3_color.avi
a24,s6,t4,a24_s6_t4_color.avi
a24,s7,t1,a24_s7_t1_color.avi
a24,s7,t2,a24_s7_t2_color.avi
a24,s7,t3,a24_s7_t3_color.avi
a24,s7,t4,a24_s7_t4_color.avi
a24,s8,t1,a24_s8_t1_color.avi
a24,s8,t2,a24_s8_t2_color.avi
a24,s8,t3,a24_s8_t3_color.avi
a24,s8,t4,a24_s8_t4_color.avi
a25,s1,t1,a25_s1_t1_color.avi
a25,s1,t2,a25_s1_t2_color.avi
a25,s1,t3,a25_s1_t3_color.avi
a25,s1,t4,a25_s1_t4_color.avi
a25,s2,t1,a25_s2_t1_color.avi
a25,s2,t2,a25_s2_t2_color.avi
a25,s2,t3,a25_s2_t3_color.avi
a25,s2,t4,a25_s2_t4_color.avi
a25,s3,t1,a25_s3_t1_color.avi
a25,s3,t2,a25_s3_t2_color.avi
a25,s3,t3,a25_s3_t3_color.avi
a25,s3,t4,a25_s3_t4_color.avi
a25,s4,t1,a25_s4_t1_color.avi
a25,s4,t2,a25_s4_t2_color.avi
a25,s4,t3,a25_s4_t3_color.avi
a25,s4,t4,a25_s4_t4_color.avi
a25,s5,t1,a25_s5_t1_color.avi
a25,s5,t2,a25_s5_t2_color.avi
a25,s5,t3,a25_s5_t3_color.avi
a25,s5,t4,a25_s5_t4_color.avi
a25,s6,t1,a25_s6_t1_color.avi
a25,s6,t2,a25_s6_t2_color.avi
a25,s6,t3,a25_s6_t3_color.avi
a25,s6,t4,a25_s6_t4_color.avi
a25,s7,t1,a25_s7_t1_color.avi
a25,s7,t2,a25_s7_t2_color.avi
a25,s7,t3,a25_s7_t3_color.avi
a25,s7,t4,a25_s7_t4_color.avi
a25,s8,t1,a25_s8_t1_color.avi
a25,s8,t2,a25_s8_t2_color.avi
a25,s8,t3,a25_s8_t3_color.avi
a25,s8,t4,a25_s8_t4_color.avi
a26,s1,t1,a26_s1_t1_color.avi
a26,s1,t2,a26_s1_t2_color.avi
a26,s1,t3,a26_s1_t3_color.avi
a26,s1,t4,a26_s1_t4_color.avi
a26,s2,t1,a26_s2_t1_color.avi
a26,s2,t2,a26_s2_t2_color.avi
a26,s2,t3,a26_s2_t3_color.avi
a26,s2,t4,a26_s2_t4_color.avi
a26,s3,t1,a26_s3_t1_color.avi
a26,s3,t2,a26_s3_t2_color.avi
a26,s3,t3,a26_s3_t3_color.avi
a26,s3,t4,a26_s3_t4_color.avi
a26,s4,t1,a26_s4_t1_color.avi
a26,s4,t2,a26_s4_t2_color.avi
a26,s4,t3,a26_s4_t3_color.avi
a26,s4,t4,a26_s4_t4_color.avi
a26,s5,t1,a26_s5_t1_color.avi
a26,s5,t2,a26_s5_t2_color.avi
a26,s5,t3,a26_s5_t3_color.avi
a26,s5,t4,a26_s5_t4_color.avi
a26,s6,t1,a26_s6_t1_color.avi
a26,s6,t2,a26_s6_t2_color.avi
a26,s6,t3,a26_s6_t3_color.avi
a26,s6,t4,a26_s6_t4_color.avi
a26,s7,t1,a26_s7_t1_color.avi
a26,s7,t2,a26_s7_t2_color.avi
a26,s7,t3,a26_s7_t3_color.avi
a26,s7,t4,a26_s7_t4_color.avi
a26,s8,t1,a26_s8_t1_color.avi
a26,s8,t2,a26_s8_t2_color.avi
a26,s8,t3,a26_s8_t3_color.avi
a26,s8,t4,a26_s8_t4_color.avi
a27,s1,t1,a27_s1_t1_color.avi
a27,s1,t2,a27_s1_t2_color.avi
a27,s1,t3,a27_s1_t3_color.avi
a27,s1,t4,a27_s1_t4_color.avi
a27,s2,t1,a27_s2_t1_color.avi
a27,s2,t2,a27_s2_t2_color.avi
a27,s2,t3,a27_s2_t3_color.avi
a27,s2,t4,a27_s2_t4_color.avi
a27,s3,t1,a27_s3_t1_color.avi
a27,s3,t2,a27_s3_t2_color.avi
a27,s3,t3,a27_s3_t3_color.avi
a27,s3,t4,a27_s3_t4_color.avi
a27,s4,t1,a27_s4_t1_color.avi
a27,s4,t2,a27_s4_t2_color.avi
a27,s4,t3,a27_s4_t3_color.avi
a27,s4,t4,a27_s4_t4_color.avi
a27,s5,t1,a27_s5_t1_color.avi
a27,s5,t2,a27_s5_t2_color.avi
a27,s5,t3,a27_s5_t3_color.avi
a27,s5,t4,a27_s5_t4_color.avi
a27,s6,t1,a27_s6_t1_color.avi
a27,s6,t2,a27_s6_t2_color.avi
a27,s6,t3,a27_s6_t3_color.avi
a27,s6,t4,a27_s6_t4_color.avi
a27,s7,t1,a27_s7_t1_color.avi
a27,s7,t2,a27_s7_t2_color.avi
a27,s7,t3,a27_s7_t3_color.avi
a27,s7,t4,a27_s7_t4_color.avi
a27,s8,t1,a27_s8_t1_color.avi
a27,s8,t2,a27_s8_t2_color.avi
a27,s8,t3,a27_s8_t3_color.avi
a2,s1,t1,a2_s1_t1_color.avi
a2,s1,t2,a2_s1_t2_color.avi
a2,s1,t3,a2_s1_t3_color.avi
a2,s1,t4,a2_s1_t4_color.avi
a2,s2,t1,a2_s2_t1_color.avi
a2,s2,t2,a2_s2_t2_color.avi
a2,s2,t3,a2_s2_t3_color.avi
a2,s2,t4,a2_s2_t4_color.avi
a2,s3,t1,a2_s3_t1_color.avi
a2,s3,t2,a2_s3_t2_color.avi
a2,s3,t3,a2_s3_t3_color.avi
a2,s3,t4,a2_s3_t4_color.avi
a2,s4,t1,a2_s4_t1_color.avi
a2,s4,t2,a2_s4_t2_color.avi
a2,s4,t3,a2_s4_t3_color.avi
a2,s4,t4,a2_s4_t4_color.avi
a2,s5,t1,a2_s5_t1_color.avi
a2,s5,t2,a2_s5_t2_color.avi
a2,s5,t3,a2_s5_t3_color.avi
a2,s5,t4,a2_s5_t4_color.avi
a2,s6,t1,a2_s6_t1_color.avi
a2,s6,t2,a2_s6_t2_color.avi
a2,s6,t3,a2_s6_t3_color.avi
a2,s6,t4,a2_s6_t4_color.avi
a2,s7,t1,a2_s7_t1_color.avi
a2,s7,t2,a2_s7_t2_color.avi
a2,s7,t3,a2_s7_t3_color.avi
a2,s7,t4,a2_s7_t4_color.avi
a2,s8,t1,a2_s8_t1_color.avi
a2,s8,t2,a2_s8_t2_color.avi
a2,s8,t3,a2_s8_t3_color.avi
a2,s8,t4,a2_s8_t4_color.avi
a3,s1,t1,a3_s1_t1_color.avi
a3,s1,t2,a3_s1_t2_color.avi
a3,s1,t3,a3_s1_t3_color.avi
a3,s1,t4,a3_s1_t4_color.avi
a3,s2,t1,a3_s2_t1_color.avi
a3,s2,t2,a3_s2_t2_color.avi
a3,s2,t3,a3_s2_t3_color.avi
a3,s2,t4,a3_s2_t4_color.avi
a3,s3,t1,a3_s3_t1_color.avi
a3,s3,t2,a3_s3_t2_color.avi
a3,s3,t3,a3_s3_t3_color.avi
a3,s3,t4,a3_s3_t4_color.avi
a3,s4,t1,a3_s4_t1_color.avi
a3,s4,t2,a3_s4_t2_color.avi
a3,s4,t3,a3_s4_t3_color.avi
a3,s4,t4,a3_s4_t4_color.avi
a3,s5,t1,a3_s5_t1_color.avi
a3,s5,t2,a3_s5_t2_color.avi
a3,s5,t3,a3_s5_t3_color.avi
a3,s5,t4,a3_s5_t4_color.avi
a3,s6,t1,a3_s6_t1_color.avi
a3,s6,t2,a3_s6_t2_color.avi
a3,s6,t3,a3_s6_t3_color.avi
a3,s6,t4,a3_s6_t4_color.avi
a3,s7,t1,a3_s7_t1_color.avi
a3,s7,t2,a3_s7_t2_color.avi
a3,s7,t3,a3_s7_t3_color.avi
a3,s7,t4,a3_s7_t4_color.avi
a3,s8,t1,a3_s8_t1_color.avi
a3,s8,t2,a3_s8_t2_color.avi
a3,s8,t3,a3_s8_t3_color.avi
a3,s8,t4,a3_s8_t4_color.avi
a4,s1,t1,a4_s1_t1_color.avi
a4,s1,t2,a4_s1_t2_color.avi
a4,s1,t3,a4_s1_t3_color.avi
a4,s1,t4,a4_s1_t4_color.avi
a4,s2,t1,a4_s2_t1_color.avi
a4,s2,t2,a4_s2_t2_color.avi
a4,s2,t3,a4_s2_t3_color.avi
a4,s2,t4,a4_s2_t4_color.avi
a4,s3,t1,a4_s3_t1_color.avi
a4,s3,t2,a4_s3_t2_color.avi
a4,s3,t3,a4_s3_t3_color.avi
a4,s3,t4,a4_s3_t4_color.avi
a4,s4,t1,a4_s4_t1_color.avi
a4,s4,t2,a4_s4_t2_color.avi
a4,s4,t3,a4_s4_t3_color.avi
a4,s4,t4,a4_s4_t4_color.avi
a4,s5,t1,a4_s5_t1_color.avi
a4,s5,t2,a4_s5_t2_color.avi
a4,s5,t3,a4_s5_t3_color.avi
a4,s5,t4,a4_s5_t4_color.avi
a4,s6,t1,a4_s6_t1_color.avi
a4,s6,t2,a4_s6_t2_color.avi
a4,s6,t3,a4_s6_t3_color.avi
a4,s6,t4,a4_s6_t4_color.avi
a4,s7,t1,a4_s7_t1_color.avi
a4,s7,t2,a4_s7_t2_color.avi
a4,s7,t3,a4_s7_t3_color.avi
a4,s7,t4,a4_s7_t4_color.avi
a4,s8,t1,a4_s8_t1_color.avi
a4,s8,t2,a4_s8_t2_color.avi
a4,s8,t3,a4_s8_t3_color.avi
a4,s8,t4,a4_s8_t4_color.avi
a5,s1,t1,a5_s1_t1_color.avi
a5,s1,t2,a5_s1_t2_color.avi
a5,s1,t3,a5_s1_t3_color.avi
a5,s1,t4,a5_s1_t4_color.avi
a5,s2,t1,a5_s2_t1_color.avi
a5,s2,t2,a5_s2_t2_color.avi
a5,s2,t3,a5_s2_t3_color.avi
a5,s2,t4,a5_s2_t4_color.avi
a5,s3,t1,a5_s3_t1_color.avi
a5,s3,t2,a5_s3_t2_color.avi
a5,s3,t3,a5_s3_t3_color.avi
a5,s3,t4,a5_s3_t4_color.avi
a5,s4,t1,a5_s4_t1_color.avi
a5,s4,t2,a5_s4_t2_color.avi
a5,s4,t3,a5_s4_t3_color.avi
a5,s4,t4,a5_s4_t4_color.avi
a5,s5,t1,a5_s5_t1_color.avi
a5,s5,t2,a5_s5_t2_color.avi
a5,s5,t3,a5_s5_t3_color.avi
a5,s5,t4,a5_s5_t4_color.avi
a5,s6,t1,a5_s6_t1_color.avi
a5,s6,t2,a5_s6_t2_color.avi
a5,s6,t3,a5_s6_t3_color.avi
a5,s6,t4,a5_s6_t4_color.avi
a5,s7,t1,a5_s7_t1_color.avi
a5,s7,t2,a5_s7_t2_color.avi
a5,s7,t3,a5_s7_t3_color.avi
a5,s7,t4,a5_s7_t4_color.avi
a5,s8,t1,a5_s8_t1_color.avi
a5,s8,t2,a5_s8_t2_color.avi
a5,s8,t3,a5_s8_t3_color.avi
a5,s8,t4,a5_s8_t4_color.avi
a6,s1,t1,a6_s1_t1_color.avi
a6,s1,t2,a6_s1_t2_color.avi
a6,s1,t3,a6_s1_t3_color.avi
a6,s1,t4,a6_s1_t4_color.avi
a6,s2,t1,a6_s2_t1_color.avi
a6,s2,t2,a6_s2_t2_color.avi
a6,s2,t3,a6_s2_t3_color.avi
a6,s2,t4,a6_s2_t4_color.avi
a6,s3,t1,a6_s3_t1_color.avi
a6,s3,t2,a6_s3_t2_color.avi
a6,s3,t3,a6_s3_t3_color.avi
a6,s3,t4,a6_s3_t4_color.avi
a6,s4,t1,a6_s4_t1_color.avi
a6,s4,t2,a6_s4_t2_color.avi
a6,s4,t3,a6_s4_t3_color.avi
a6,s4,t4,a6_s4_t4_color.avi
a6,s5,t1,a6_s5_t1_color.avi
a6,s5,t2,a6_s5_t2_color.avi
a6,s5,t3,a6_s5_t3_color.avi
a6,s5,t4,a6_s5_t4_color.avi
a6,s6,t1,a6_s6_t1_color.avi
a6,s6,t2,a6_s6_t2_color.avi
a6,s6,t3,a6_s6_t3_color.avi
a6,s6,t4,a6_s6_t4_color.avi
a6,s7,t1,a6_s7_t1_color.avi
a6,s7,t2,a6_s7_t2_color.avi
a6,s7,t3,a6_s7_t3_color.avi
a6,s7,t4,a6_s7_t4_color.avi
a6,s8,t1,a6_s8_t1_color.avi
a6,s8,t2,a6_s8_t2_color.avi
a6,s8,t3,a6_s8_t3_color.avi
a6,s8,t4,a6_s8_t4_color.avi
a7,s1,t1,a7_s1_t1_color.avi
a7,s1,t2,a7_s1_t2_color.avi
a7,s1,t3,a7_s1_t3_color.avi
a7,s1,t4,a7_s1_t4_color.avi
a7,s2,t1,a7_s2_t1_color.avi
a7,s2,t2,a7_s2_t2_color.avi
a7,s2,t3,a7_s2_t3_color.avi
a7,s2,t4,a7_s2_t4_color.avi
a7,s3,t1,a7_s3_t1_color.avi
a7,s3,t2,a7_s3_t2_color.avi
a7,s3,t3,a7_s3_t3_color.avi
a7,s3,t4,a7_s3_t4_color.avi
a7,s4,t1,a7_s4_t1_color.avi
a7,s4,t2,a7_s4_t2_color.avi
a7,s4,t3,a7_s4_t3_color.avi
a7,s4,t4,a7_s4_t4_color.avi
a7,s5,t1,a7_s5_t1_color.avi
a7,s5,t2,a7_s5_t2_color.avi
a7,s5,t3,a7_s5_t3_color.avi
a7,s5,t4,a7_s5_t4_color.avi
a7,s6,t1,a7_s6_t1_color.avi
a7,s6,t2,a7_s6_t2_color.avi
a7,s6,t3,a7_s6_t3_color.avi
a7,s6,t4,a7_s6_t4_color.avi
a7,s7,t1,a7_s7_t1_color.avi
a7,s7,t2,a7_s7_t2_color.avi
a7,s7,t3,a7_s7_t3_color.avi
a7,s7,t4,a7_s7_t4_color.avi
a7,s8,t1,a7_s8_t1_color.avi
a7,s8,t2,a7_s8_t2_color.avi
a7,s8,t3,a7_s8_t3_color.avi
a7,s8,t4,a7_s8_t4_color.avi
a8,s1,t1,a8_s1_t1_color.avi
a8,s1,t2,a8_s1_t2_color.avi
a8,s1,t3,a8_s1_t3_color.avi
a8,s2,t1,a8_s2_t1_color.avi
a8,s2,t2,a8_s2_t2_color.avi
a8,s2,t3,a8_s2_t3_color.avi
a8,s2,t4,a8_s2_t4_color.avi
a8,s3,t1,a8_s3_t1_color.avi
a8,s3,t2,a8_s3_t2_color.avi
a8,s3,t3,a8_s3_t3_color.avi
a8,s3,t4,a8_s3_t4_color.avi
a8,s4,t1,a8_s4_t1_color.avi
a8,s4,t2,a8_s4_t2_color.avi
a8,s4,t3,a8_s4_t3_color.avi
a8,s4,t4,a8_s4_t4_color.avi
a8,s5,t1,a8_s5_t1_color.avi
a8,s5,t2,a8_s5_t2_color.avi
a8,s5,t3,a8_s5_t3_color.avi
a8,s5,t4,a8_s5_t4_color.avi
a8,s6,t1,a8_s6_t1_color.avi
a8,s6,t2,a8_s6_t2_color.avi
a8,s6,t3,a8_s6_t3_color.avi
a8,s6,t4,a8_s6_t4_color.avi
a8,s7,t1,a8_s7_t1_color.avi
a8,s7,t2,a8_s7_t2_color.avi
a8,s7,t3,a8_s7_t3_color.avi
a8,s7,t4,a8_s7_t4_color.avi
a8,s8,t1,a8_s8_t1_color.avi
a8,s8,t2,a8_s8_t2_color.avi
a8,s8,t3,a8_s8_t3_color.avi
a8,s8,t4,a8_s8_t4_color.avi
a9,s1,t1,a9_s1_t1_color.avi
a9,s1,t2,a9_s1_t2_color.avi
a9,s1,t3,a9_s1_t3_color.avi
a9,s1,t4,a9_s1_t4_color.avi
a9,s2,t1,a9_s2_t1_color.avi
a9,s2,t2,a9_s2_t2_color.avi
a9,s2,t3,a9_s2_t3_color.avi
a9,s2,t4,a9_s2_t4_color.avi
a9,s3,t1,a9_s3_t1_color.avi
a9,s3,t2,a9_s3_t2_color.avi
a9,s3,t3,a9_s3_t3_color.avi
a9,s3,t4,a9_s3_t4_color.avi
a9,s4,t1,a9_s4_t1_color.avi
a9,s4,t2,a9_s4_t2_color.avi
a9,s4,t3,a9_s4_t3_color.avi
a9,s4,t4,a9_s4_t4_color.avi
a9,s5,t1,a9_s5_t1_color.avi
a9,s5,t2,a9_s5_t2_color.avi
a9,s5,t3,a9_s5_t3_color.avi
a9,s5,t4,a9_s5_t4_color.avi
a9,s6,t1,a9_s6_t1_color.avi
a9,s6,t2,a9_s6_t2_color.avi
a9,s6,t3,a9_s6_t3_color.avi
a9,s6,t4,a9_s6_t4_color.avi
a9,s7,t1,a9_s7_t1_color.avi
a9,s7,t2,a9_s7_t2_color.avi
a9,s7,t3,a9_s7_t3_color.avi
a9,s7,t4,a9_s7_t4_color.avi
a9,s8,t1,a9_s8_t1_color.avi
a9,s8,t2,a9_s8_t2_color.avi
a9,s8,t3,a9_s8_t3_color.avi
a9,s8,t4,a9_s8_t4_color.avi
